Compound_ID	Smiles	Class	GHS_Code	CAS	Name	Species	LD50_oral,mg/kg	TPSA	Molecular Weight	No. of Hydrogen Bond Acceptors	No. of Hydrogen Bond Donors	LogP	No. of Rotatable Bonds	Active
1	COP(=O)(NC(C)=O)SC	3	H302	30560-19-1	Acephate	mouse	14	55.4	183.0119008	4	1	1.24	3	0
4	CC(C)OP(=S)(OC(C)C)SCCNS(=O)(=O)c1ccccc1	3	H302	741-58-2	Bensulide	rat mouse	271 1540	64.63	397.0605079	6	1	3.7726	10	0
5	COP(=S)(OC)Oc1cc(Cl)c(Br)cc1Cl	3	H302	2104-96-3	Bromophos	rat	1600	27.69	363.8492192	4	0	4.652	4	0
6	CCOP(=S)(OCC)Oc1nc(Cl)c(Cl)cc1Cl	3	H301	2921-88-2	Chlorpyrifos	rat	136	40.58	348.9262839	5	0	4.7181	6	0
7	COP(=S)(OC)Oc1nc(Cl)c(Cl)cc1Cl	3	H302	5598-13-0	Chlorpyrifos-methyl	rat	1828	40.58	320.8949838	5	0	3.9379	4	0
9	CNP(=O)(OC)Oc1ccc(C(C)(C)C)cc1Cl	3	H302	299-86-5	Crufomate	rat	460	47.56	291.0791078	3	1	3.9902	5	0
11	COP(=S)(OC)Oc1ccc(C#N)cc1	3	H302	2636-26-2	Cyanophos	mouse	720	51.48	243.0119008	5	0	2.45438	5	0
14	CCOP(=S)(OCC)Oc1cc(C)nc(C(C)C)n1	3	H302	333-41-5	Diazinon	-	-	53.47	304.1010502	6	0	3.58472	7	0
22	CCOc1cc(OP(=S)(OC)OC)nc(CC)n1	3	H302	38260-54-7	Etrimfos	mouse	437	62.7	292.0646647	7	0	2.3338	7	0
24	COP(=S)(OC)Oc1cc(Cl)c(Cl)cc1Cl	3	H302	299-84-3	Fenchlorphos	rabbit	420	27.69	319.8997348	4	0	4.5429	4	0
27	COP(=S)(OC)SCC(=O)N(C)C=O	3	H302	2540-82-1	Formothion	rat	353	55.84	256.9945365	6	0	0.8517	5	0
33	CCOC(=O)CC(SP(=S)(OC)OC)C(=O)OCC	3	H302	121-75-5	Malathion	rat	290	71.06	330.036067	8	0	2.1218	11	0
34	COP(=S)(OC)SCc1nc(N)nc(N)n1	3	H302	78-57-9	Menazon	mouse	427	109.17	281.0170033	9	2	0.7865	5	0
35	CCCCSP(SCCCC)SCCCC	3	H302	150-50-5	Merphos	rat	910	0	298.1012505	3	0	6.8132	12	0
36	COC(=O)/C(C)=C/OP(=S)(OC)OC	3	H302	30864-28-9	Methacrifos	rat	678	53.99	240.0221311	6	0	1.5971	6	0
52	CCN(CC)c1nc(C)cc(OP(=S)(OC)OC)n1	3	H302	29232-93-7	Pirimiphos-methyl	mouse	1180	56.71	305.0962991	7	0	2.52732	7	0
53	CCCSP(=O)(OCC)Oc1ccc(Br)cc1Cl	3	H302	41198-08-7	Profenofos	rat	358	35.53	371.9351418	4	0	5.7691	7	0
55	CCCSP(=S)(OCC)Oc1ccc(Cl)cc1Cl	3	H302	34643-46-4	Prothiofos	rat	875	18.46	343.9628137	4	0	5.7764	7	0
58	CCOP(=S)(OCC)Oc1ccc(=O)n(-c2ccccc2)n1	3	H302	119-12-0	Pyridaphenthion	rat	424	62.58	340.0646647	7	0	2.9088	7	0
64	COP(=S)(OC)Oc1ccc(Sc2ccc(OP(=S)(OC)OC)cc2)cc1	3	H302;H303	3383-96-8	Temephos	rat	1370	55.38	465.9897246	9	0	5.63	10	0
66	COP(=O)(OC)O/C(=C\Cl)c1cc(Cl)c(Cl)cc1Cl	3	H302	22248-79-9	Tetrachlorvinphos	mouse	1379	44.76	363.8992561	4	0	5.6015	5	0
76	COP(=O)(OC)Oc1nc(Cl)c(Cl)cc1Cl	3	H302	5598-52-7	Fospirate	rat	869	57.65	304.9178274	5	0	3.8215	4	0
79	CCNC(=O)CSP(=S)(OC)OC	3	H302	116-01-8	Ethoate-methyl	mouse	350	47.56	243.0152719	5	1	1.373	6	0
84	Cc1c(Cl)c(=O)oc2cc(OP(=O)(OCCCl)OCCCl)ccc12	3	H302	321-55-1	Haloxon	rat	900	74.97	413.9593578	6	0	4.75252	8	0
91	COP(=S)(OC)Oc1ccc([N+](=O)[O-])c(Cl)c1	3	H302	500-28-7	Chlorthion	mouse	794	70.83	296.9627577	6	0	3.1443	5	0
117	CCOP(=O)(OCC)SCc1ccccc1	3	H302	13286-32-3	Kitazin	rat	660	35.53	260.063602	4	0	4.1009	7	0
118	CP(=O)(O)CCC(N)C(=O)O	3	H302	51276-47-2	Glufosinate	-	-	100.62	181.0503945	5	3	-0.3114	4	0
119	CC(O)(P(=O)(O)O)P(=O)(O)O	3	H302	2809-21-4	Etidronic Acid	mouse	1800	135.29	205.9745259	7	5	-0.9922	2	0
120	CC(C)OP(=O)(O)O	3	-	1623-24-1	Monoisopropyl phosphate	-	-	66.76	140.0238454	4	2	0.5041	2	0
121	O=P(O)(O)CCCl	3	H302	16672-87-0	Ethephon	rat	3400	57.53	143.9743084	3	2	0.4029	2	0
122	O=P(O)(O)c1ccccc1	3	H302	1571-33-1	Phenylphosphonic Acid	rat	2	57.53	158.0132807	3	2	0.4896	1	0
127	COP(=O)(OC)OC	3	H302	512-56-1	Trimethyl Phosphate	rat	840	44.76	140.0238454	4	0	1.0337	3	0
128	O=P(Cl)(Cl)Cl	3	H300;H302	10025-87-3	Phosphorus oxychloride	rat	380	17.07	151.8752343	1	0	2.8109	0	0
129	COP(=O)(O)OC	3	H302	813-78-5	Dimethyl phosphate	-	-	55.76	126.0081953	4	1	0.3796	2	0
130	CCOP(=O)(CC)OCC	3	H302	78-38-6	Diethyl ethylphosphonate	mouse	2500	35.53	166.075881	3	0	2.2724	5	0
131	CCOP(=O)(OCC)OCC	3	H302	78-40-0	Triethyl Phosphate	rat	1165	44.76	182.0707956	4	0	2.204	6	0
132	O=P(OCCCl)(OCCCl)OCCCl	3	H302	115-96-8	Tris(2-chloroethyl) phosphate	rat	1230	44.76	283.9538785	4	0	2.8607	9	0
133	C=CP(=O)(OCCCl)OCCCl	3	H302	115-98-0	Phosphonic acid, P-ethenyl-, bis(2-chloroethyl) ester	rat	990	35.53	231.9822862	3	0	2.8338	7	0
134	O=P(CCCl)(OCCCl)OCCCl	3	H302	6294-34-4	Bis(2-chloroethyl) P-(2-chloroethyl)phosphonate	rat	880	35.53	267.9589639	3	0	2.9291	8	0
135	O=C(O)CNCP(=O)(O)O	3	-	1071-83-6	Glyphosate	rat	2000	106.86	169.014009	6	4	-1.2042	4	0
137	COP(=S)(OC)Oc1cc(Cl)c(I)cc1Cl	3	-	18181-70-9	Iodofenphos	rat	2330	27.69	411.8353551	4	0	4.4941	4	0
138	CCCOP(=S)(OCCC)OP(=S)(OCCC)OCCC	3	H302	3244-90-4	Aspon	rat	450	46.15	378.0853393	7	0	5.1584	14	0
140	O=P(O)(O)Oc1ccccc1	3	-	701-64-4	Phenyl phosphate	rat	2290	66.76	174.0081953	4	2	1.1581	2	0
144	CC(C)OP(C)(=O)OC(C)C	3	H302	1445-75-6	Diisopropyl Methylphosphonate	rat	829	35.53	180.091531	3	0	2.6593	4	0
145	CC(C)OP(=S)(S)OC(C)C	3	H302	107-56-2	O,O-Bis(1-methylethyl) phosphorodithioate	mouse	430	18.46	214.0251083	4	1	2.9907	4	0
148	CCOP(=O)(CCCl)OCC	3	H302	10419-79-1	Diethyl (2-chloroethyl)phosphonate	-	-	35.53	200.0369086	3	0	2.4913	6	0
149	CCO[P+](=O)OCC	3	-	762-04-9	Diethyl hydrogen phosphite	rat	3900	35.53	137.0362072	3	0	1.7168	4	0
150	CCP(C)(=O)Cl	3	-	13213-38-2	Ethylmethylphosphinic chloride	rat	3900	17.07	126.0001292	1	0	2.153	1	0
152	O=P(Cl)(OCc1ccccc1)OCc1ccccc1	3	H302	538-37-4	(Chloro(phenylmethoxy)phosphoryl)oxymethylbenzene	-	-	35.53	296.0369086	3	0	4.7669	6	0
155	O=P(Cl)(Oc1ccccc1)Oc1ccccc1	3	H302	2524-64-3	Diphenyl chlorophosphate	-	-	35.53	268.0056085	3	0	4.4913	4	0
161	CP(=O)(OCc1ccccc1)OCc1ccccc1	3	H302	19236-58-9	Phosphonic acid, methyl-, bis(phenylmethyl) ester	nan	nan	35.53	276.091531	3	0	4.2429	6	0
162	CCOP(=O)(OCC)c1ccccc1	3	H302	1754-49-0	Phosphonic acid, phenyl-, diethyl ester	nan	nan	35.53	214.075881	3	0	2.578	5	0
164	O=P(Oc1ccccc1)(Oc1ccccc1)Oc1ccccc1	3	H303	115-86-6	Triphenyl Phosphate	-	-	44.76	326.0707956	4	0	5.3315	6	0
165	CCCCOP(=O)(OCCCC)Oc1ccccc1	3	H303	2528-36-1	Dibutyl phenyl phosphate	-	-	44.76	286.1333958	4	0	4.8069	10	0
167	CCOP(=O)(OCCCCl)OC(Br)C(Cl)(Cl)Br	3	-	64050-68-6	Phosphoric acid, 2-chloropropyl 1,2-dibromo-2,2-dichloroethyl ethyl ester	Mouse	307	44.76	453.7905527	4	0	5.0404	9	0
168	O=P(Cl)(Cl)Oc1ccccc1	3	H302	770-12-7	Phosphorodichloridic acid, phenyl ester	nan	nan	26.3	209.9404214	2	0	3.6511	2	0
173	CCCSP(=O)(OCC)OC1=C(C=C(C=C1)Cl)Cl	3	-	38527-91-2	Etaphos	Rat Mouse	320 150	35.53	327.9856573	4	0	5.66	7	0
174	C1=CC(=CC=C1[N+](=O)[O-])OP(=O)(O)O	3	H302	330-13-2	4-Nitrophenyl Phosphate	-	-	109.9	218.9932735	6	2	1.0663	3	0
178	COP(C)(=O)OC	3	-	756-79-6	Dimethyl methylphosphonate	rat	8210	35.53	124.0289308	3	0	1.1021	2	0
190	O=P(OC(C)C)(OC(C)C)SCC=1C=CC=CC1	3	H302	26087-47-8	Iprobenfos	nan	nan	70.64	288.3438	3	0	3.4874	7	0
193	ClCCOP(=S)(OCCCl)OCCCl	3	H302	10235-09-3	O,O,O-Tris(2-chloroethyl) phosphorothioate	Rat	820	69.59	301.555	4	0	2.543	9	0
197	CCOP(=S)(OCC)OC1=CC=C(N)C=C1	3	H302	3735-01-01	Aminoparathion	Rat	450	95.61	261.278	4	1	2.261	6	0
199	CCOP(=S)(OCC)SCN1N=C(C=CC1=O)C1=CC=CC=C1	3	H302	51356-15-1	Phosphorodithioic acid, O,O-diethyl ester, S-ester with 2-(mercaptomethyl)-6-phenyl-3(2H)-pyridazinone	Rat	555	118.32	370.427	6	0	3.444	8	0
200	CCC1=CC(OP(=O)(OC2=CC=CC(CC)=C2)OC2=CC=CC(CC)=C2)=CC=C1	3	H303	52736-14-8	Phenol, 3-ethyl-, phosphate (3:1)	Rat	>15800	54.57	410.443	4	0	7.765	9	0
207	CCCCC(CC)COP(=O)(OCC(CC)CCCC)OCC(CC)CCCC	3	H303	78-42-2	Tris(2-ethylhexyl) phosphate	Rat	37000	54.57	434.633	4	0	8.698	21	0
208	CC(C)C1=CC=CC=C1OP(=O)(OC1=CC=CC=C1C(C)C)OC1=CC=CC=C1C(C)C	3	H303	64532-95-2	Phenol, 2-(1-methylethyl)-, phosphate (3:1)	Rat	>15800	54.57	452.522	4	0	8.52	9	0
209	COP(Cl)(=S)OC	3	H302	2524-03-0	O,O-Dimethyl chlorothiophosphate	Rat	540	60.36	160.56	3	0	1.085	2	0
214	CCOP(=O)(OC1=C(Cl)C=C(Cl)C=C1)OC1=C(Cl)C=C(Cl)C=C1	3	H303	36519-00-3	Phosdiphen	Rat	6200	54.57	416.021	4	0	6.181	6	0
215	BrCC(CBr)(CBr)COP(=O)(OCC(CBr)(CBr)CBr)OCC(CBr)(CBr)CBr	3	H303	19186-97-1	Tris(tribromoneopentyl)phosphate	Rat	>5000	54.57	1018.46	4	0	6.37	18	0
217	COP(=S)(OC)OC1=CC=C(Cl)C=C1C#N	3	H302	18936-52-2	AI 3-27235	Rat	>1000	93.38	277.664	5	0	2.854	4	0
222	CCOP(=S)(OCC)OC1=CC(=O)N(CC)C(C)=C1	3	H303	22787-58-2	O,O-Diethyl O-(1-ethyl-6-methyl-2-oxo-1,2-dihydropyridin-4-yl) phosphorothioate	Rat	7070	89.9	305.33	5	0	1.44	7	0
225	CCC(O)=NP(=O)(OC)SC	3	H302	30560-27-1	N-[Methoxy(methylsulfanyl)phosphoryl]propanimidic acid	Rat	>1000	94	197.192	5	1	0.419	4	0
228	CCCCOC(=O)CC(SP(=O)(OC)OC)C(=O)OCCCC	3	H302	3700-98-9	Dibutyl 2-[(dimethoxyphosphoryl)sulfanyl]butanedioate	Rat	515	123.24	370.399	8	0	2.848	15	0
234	CCCCC(CC)COP(Cl)(=O)OCC(CC)CCCC	3	H303	63449-80-9	Bis(2-ethylhexyl) phosphorochloridate	Rat	3000	45.34	340.866	3	0	6.219	14	0
238	CCOP(=S)(OCC)N(SN(C)C(=O)ON=C(C)SC)C(C)C	3	H302	66996-10-9	DPX 4710	Rat	325	156.1	403.521	8	0	2.774	11	0
250	COP(=O)(OC)OC(=CCl)C1=C(Cl)C=C(Cl)C(Cl)=C1	3	H303	961-11-5	Tetrachlorovinphos	Rat	4000	54.57	365.962	4	0	3.529	5	0
251	ON(CCCP(O)([O-])=O)C=O	3	H303	66508-37-0	Fosmidomycin sodium	Rat	>11000	110.71	182.092	5	2	-2.869	4	0
252	CCOP(=S)(OCC)SSSP(=S)(OCC)OCC	3	H303	6926-73-4	Bis(diethoxythiophosphinoyl) trisulphide	Rat	>2500	196.61	402.515	9	0	4.366	12	0
257	CP(O)(=O)CCC(N)C([O-])=O	3	H302	77182-82-2	Glufosinate-ammonium	Rat	1510	113.26	180.119	5	2	-3.014	4	0
258	CCCCC(CC)COP(O)(=O)OCC(CC)CCCC	3	H303	298-07-7	Bis(2-ethylhexyl) phosphate	Rat	4940	65.56	322.42	4	1	5.642	14	0
259	CC(O)(P(O)([O-])=O)P(O)([O-])=O	3	H302	7414-83-7	Etidronate disodium	Rat	1340	160.57	204.012	7	3	-3.649	2	0
261	COP(=S)(OC)OC1=CC(=C(Cl)C=C1)[N+]([O-])=O	3	H302	5826-76-6	Phosnichlor	Rat	500	115.41	297.653	6	0	2.869	5	0
263	C[C@@H]1O[C@@H]1P([O-])([O-])=O	3	H303	26016-98-8	Fosfomycin calcium	Rat	>7000	85.53	136.043	4	0	-2.496	1	0
264	CCC[C@@H]1C[C@H](N(C)C1)C(=O)N[C@H]([C@H](C)Cl)[C@H]1O[C@H](SC)[C@H](OP(O)(O)=O)[C@@H](O)[C@H]1O	3	H302	24729-96-2	Clindamycin phosphate	Rat	1832	183.9	504.963	10	5	1.205	9	0
266	CCOP([S-])(=S)OCC	3	H303	1068-22-0	Ammonium O,O-diethyl dithiophosphate	Rat	7900	80.26	185.225	4	0	1.887	4	0
267	CCCP(=O)(CCC)CCC	3	H302	1496-94-2	Phosphine oxide, tripropyl-	Rat	1410	26.88	176.236	1	0	2.865	6	0
268	CCS(=O)(=O)CCOP(=S)(OC)OC	3	H302	25476-48-6	Demeton O-methyl sulfone	Rat	500	112.11	262.284	6	0	0.494	7	0
269	OC(=O)CC(CCC([O-])=O)(C([O-])=O)P([O-])([O-])=O	3	H303	66669-53-2	Tetrasodium hydrogen 2-phosphonatobutane-1,2,4-tricarboxylate	Rat	>4000	190.56	266.099	9	1	-6.348	7	0
270	CCOP(=S)(OCC)SC(C1=CC=CC=C1)C1=CC=C(Cl)C=C1	3	H303	973-28-4	S-[(4-Chlorophenyl)(phenyl)methyl] O,O-diethyl phosphorodithioate	Rat	10000	85.66	386.896	4	0	5.85	8	0
282	COP(=S)(OC)SCSC1=CC(Cl)=CC(Cl)=C1	3	H302	64050-59-5	S-{[(3,5-Dichlorophenyl)sulfanyl]methyl} O,O-dimethyl phosphorodithioate	Rat	443	110.96	349.257	5	0	4.793	6	0
284	CCOP(=O)(OC=C)OC(CCl)C1=CC(Cl)=C(Cl)C=C1Cl	3	H302	71363-61-6	2-Chloro-1-(2,4,5-trichlorophenyl)ethyl ethenyl ethyl phosphate	Rat	1100	54.57	394.015	4	0	4.352	8	0
289	CCOP(=O)(OCC)OC1=CC=C(N)C=C1	3	H302	14984-58-8	Phosphoric acid, p-aminophenyl diethyl ester	Rat	1000	80.59	245.212	4	1	1.362	6	0
290	COP(=S)(OC)OC1=C(C=CC(C)=C1)C(C)C	3	H302	15037-62-4	Phosphorothioic acid, O,O-dimethyl O-thymyl ester	Rat	750	69.59	274.316	4	0	3.991	5	0
293	CC(C)CCP(=O)(CCC(C)C)CCC(C)C	3	H303	23079-28-9	Triisopentylphosphine oxide	Rat	2236	26.88	260.396	1	0	4.989	9	0
299	CCCCCCCCP(=O)(CCCCCCCC)CCC(C)C	3	H303	53521-41-8	Dioctylisopentylphosphine oxide	Rat	8369	26.88	344.555	1	0	8.135	17	0
300	OC(CN(CP(O)(O)=O)CP(O)(O)=O)CN(CP(O)(O)=O)CP(O)(O)=O	3	H303	54622-43-4	DPF 1	Rat	4300	296.07	466.15	15	9	-3.18	12	0
305	CC(C)OP(C)([O-])=O	3	H303	6838-93-3	Phosphonic acid, methyl-, isopropyl ester, sodium salt	Rat	6070	59.16	137.094	3	0	-1.292	2	0
307	COC(=O)CC(SP(=S)(OC)OC)C(=O)OC	3	H302	3700-89-8	O,O-Dimethyl malathion	Rat	1020	138.26	302.305	8	0	1.09	9	0
308	CCOP(=O)(CN(CCO)CCO)OCC	3	H303	2781-11-05	Diethyl((diethanolamino)methyl)phosphonate	Rat	>5000	89.04	255.248	6	2	-0.765	10	0
311	COCCNC(=O)CSP(=S)(OC)OC	3	H302	919-76-6	Amidithion	Rat	420	123.99	273.31	6	1	0.221	8	0
319	OC(=O)CN(CP(O)(O)=O)CP(O)(O)=O	3	H303	2439-99-8	Glyphosine	Rat	3925	175.21	263.08	9	5	-4.798	6	0
320	C[C@]12CC[C@H]3[C@@H](CCC4=C3C=CC(OC(=O)N(CCCl)CCCl)=C4)[C@@H]1CC[C@@H]2OP([O-])([O-])=O	3	H303	52205-73-9	Estramustine phosphate sodium	Rat	5400	111.77	518.367	6	0	3.131	8	0
322	CCOP(=S)(OC)OC1=C(Cl)C=C(Cl)C(Cl)=C1	3	H302	2633-54-7	Trichlormetaphos-3	Rat	314	69.59	335.572	4	0	4.652	5	0
325	CC(OP(=O)(OCCCl)C(C)OP(=O)(CCCl)OCCCl)P(=O)(OCCCl)OCCCl	3	H303	4351-70-6	Phosphonic acid, P-[1-[[(2-chloroethoxy)(2-chloroethyl)phosphinyl]oxy]ethyl]-, 1-[bis(2-chloroethoxy)phosphinyl]ethyl 2-chloroethyl ester	Rat	2740	136.02	610.553	9	0	1.769	20	0
327	CCOP(=S)(OCC)SCC(=O)OC	3	H302	919-53-9	Methyl [(diethoxyphosphorothioyl)sulfanyl]acetate	Rat	1000	111.96	258.295	6	0	1.697	8	0
339	COC(=O)CSP(=S)(OC)OC	3	H302	757-86-8	Methyl [(dimethoxyphosphorothioyl)sulfanyl]acetate	Rat	>2000	111.96	230.242	6	0	0.999	6	0
342	CCC(=C(C1=CC=C(OCCN(C)C)C=C1)C1=CC=C(OP(O)(O)=O)C=C1)C1=CC=C(C=C1)C(C)C	3	H302	115767-74-3	Miproxifene phosphate	Rat	785	89.04	509.574	6	2	7.017	11	0
349	CC(C)OP(O)(=S)OC(C)C	3	H302	4486-44-6	Diisopropylthiophosphate	Rat	>1000	80.59	198.22	4	1	1.961	4	0
350	COP(=S)(OC)OC1=CC(Cl)=C(C(Cl)=C1)[N+]([O-])=O	3	H302	50590-01-7	Phosphorothioic acid, O-(3,5-dichloro-4-nitrophenyl) O,O-dimethyl ester	Rat	750	115.41	332.098	6	0	3.534	5	0
351	CCCCNC1(CCCCC1)P(=O)(OCCCC)OCCCC	3	H303	51249-05-9	Buminafos [ISO]	Rat	3000	57.37	347.473	4	1	4.574	13	0
354	COP(=S)(OC)SCN1N=C(Cl)C(Cl)=CC1=O	3	H303	51442-09-2	Phosphorodithioic acid, O,O-dimethyl ester, S-ester with 4,6(or 5,6)-dichloro-2-(mercaptomethyl)-3(2H)-pyridazinone	Rat	12000	118.32	335.168	6	0	1.917	5	0
355	CCCCOP(=O)(OCCCC)OCCCC	3	H303	126-73-8	Tributyl phosphate	Rat	3000	54.57	266.314	4	0	3.634	12	0
357	OC(=O)CN(CC(O)=O)CP(O)(O)=O	3	H303	5994-61-6	Glycine, N-(carboxymethyl)-N-(phosphonomethyl)-	Rat	2300	145.18	227.109	8	4	-4.534	6	0
358	CC(O)(P([O-])([O-])=O)P([O-])([O-])=O	3	H302	14860-53-8	Phosphonic acid, (1-hydroxyethylidene)bis-, tetrapotassium salt	Rat	520	166.23	201.996	7	1	-5.055	2	0
359	CCCCOP(O)(=O)OCCCC	3	H303	107-66-4	Phosphoric acid, dibutyl ester	Rat	3200	65.56	210.208	4	1	2.267	8	0
361	CCOP(=S)(OCC)N1C(=O)C2=C(C=CC=C2)C1=O	3	H303	5131-24-8	Ditalimfos	Rat	4930	97.74	299.283	5	0	2.057	5	0
363	CCCCCCCCP(O)(O)=O	3	H302	4724-48-5	Octylphosphonic acid	Rat	1890	67.34	194.208	3	2	2.57	7	0
364	CCC(=C(CC)C1=CC=C(OP(O)(O)=O)C=C1)C1=CC=C(OP(O)(O)=O)C=C1	3	H303	522-40-7	Diethylstilbestrol diphosphate	Rat	3000	153.13	428.31	8	4	4.628	8	0
365	CCCCCOP(=O)(OCCCCC)OCCCCC	3	H303	2528-38-3	Tripentyl phosphate	Rat	23400	54.57	308.394	4	0	5.003	15	0
366	CCOP(=S)(OCC)OC1=CC(C)=C(SC)C(C)=C1	3	H302	52-60-8	Phosphorothioic acid, O-[3,5-dimethyl-4-(methylthio)phenyl] O,O-diethyl ester	Rat	375	94.89	320.408	5	0	4.522	7	0
368	CCOP(Cl)(=S)OC	3	H302	13289-13-9	O-Ethyl O-methyl phosphorochloridothioate	Rat	700	60.36	174.586	3	0	1.434	3	0
371	COP(=S)(OC)OC1CC(C)CCC1C(C)C	3	H302	18470-09-2	O,O-Dimethyl O-[5-methyl-2-(propan-2-yl)cyclohexyl] phosphorothioate	Rat	750	69.59	280.364	4	0	3.685	5	0
374	CC(C)COP(=O)(OCC#C)C1=CC=CC=C1	3	H302	27442-58-6	2-Methylpropyl prop-2-yn-1-yl phenylphosphonate	Rat	600	45.34	252.246	3	0	3.455	6	0
375	COP(=O)(OC(Br)C(Cl)(Cl)Br)OC1=CC=CC=C1	3	H302	2872-96-0	1,2-Dibromo-2,2-dichloroethyl methyl phenyl phosphate	Rat	500	54.57	442.853	4	0	4.078	6	0
376	CCP(=O)(OC)OC1=CC=C(C)C=C1	3	H302	33232-85-8	Methyl 4-methylphenyl ethylphosphonate	Rat	475	45.34	214.198	3	0	2.093	4	0
377	CCCCCCC(C)P(=O)(C(C)CCCCCC)C(C)CCCCCC	3	H303	33446-90-1	Tri(octan-2-yl)(oxo)-lambda~5~-phosphane	Rat	7270	26.88	386.635	1	0	9.472	18	0
379	COP(=O)(OC)OC(=C)C1=C(Cl)C=C(Cl)C=C1	3	H303	42136-28-7	1-(2,4-Dichlorophenyl)ethenyl dimethyl phosphate	Rat	2351	54.57	297.072	4	0	2.81	5	0
385	COP(=S)(OC)SCC(O)=O	3	H303	1113-01-5	Phosphorodithioic acid, O,O-dimethyl S-carboxymethyl ester	Rat	2500	122.96	216.216	6	1	0.773	5	0
386	CCCCCCCCOP(O)(=O)OCCC(Cl)Cl	3	H303	117617-70-6	Octyldichloropropyl phosphate	Rat	10300	65.56	321.178	4	1	4.127	12	0
394	CCOP(=S)(OCC)C1=CC=CC=C1	3	H302	6231-03-04	Phosphonothioic acid, phenyl-, O,O-diethyl ester	Rat	>450	60.36	230.264	3	0	2.668	5	0
395	CCCC(=O)OC(=C(Cl)Cl)P(=O)(OC)OC	3	H302	73321-74-1	Vinylbutonate	Rat	1095	71.64	291.066	5	0	1.892	7	0
396	COP(N)(=S)OC	3	H302	17321-47-0	O,O-Dimethyl phosphoramidothioate	Rat	410	86.38	141.129	3	1	-0.119	2	0
397	OC(=O)CCC(CC(O)=O)(C(O)=O)P(O)(O)=O	3	H303	37971-36-1	2-Phosphono-1,2,4-butanetricarboxylic acid	Rat	4000	179.23	270.131	9	5	-1.223	7	0
398	S=P(OC1=CC=CC=C1)(OC1=CC=CC=C1)OC1=CC=CC=C1	3	H303	597-82-0	Phosphorothioic acid, O,O,O-triphenyl ester	Rat	>10000	69.59	342.349	4	0	5.837	6	0
400	O[C@@H]1[C@@H](COP([O-])([O-])=O)O[C@H]([C@@H]1O)N1C=NC2=C1N=CNC2=O	3	H303	4691-65-0	Disodium inosinate	Rat	15900	191.2	346.19	10	3	-4.497	4	0
401	CCCCCCCCCCCCCCCCOP(O)([O-])=O	3	H303	19035-79-1	Potassium hexadecyl hydrogen phosphate	Rat	>5000	79.4	321.413	4	1	4.899	16	0
402	NP(N)(=O)NC1=CC=CC=C1[N+]([O-])=O	3	H302	874819-71-3	(2-Nitrophenyl)-phosphoric triamide	Rat	>2000	136.76	216.134	3	3	-0.675	3	0
403	CC1=C(O)C(C=O)=C(COP(O)(O)=O)C=N1	3	H303	54-47-7	Pyridoxal phosphate	Rat	5900	126.76	247.142	7	3	-0.197	4	0
404	CC1=CC(C)=C(C(=O)P(=O)(C2=CC=CC=C2)C2=CC=CC=C2)C(C)=C1	3	H303	75980-60-8	Diphenyl(2,4,6-trimethylbenzoyl)phosphine oxide	Rat	>5000	43.95	348.375	2	0	6.307	4	0
408	NP(N)(=O)OC1=CC=CC=C1	3	H302	7450-69-3	Phosphorodiamidic acid, phenyl ester	Rat	>300	88.15	172.122	2	2	0.078	2	0
409	COC(=O)CNC[P@@](O)(=O)OC1=CC=CC=C1	3	H303	65463-19-6	Glycine, N-[(hydroxyphenoxyphosphinyl)methyl]-, methyl ester	Rat	4100	94.67	259.196	6	2	0.511	7	0
410	CNC(=O)CSP([S-])(=O)OC	3	H302	20253-72-9	Potassium O-methyl S-[2-(methylamino)-2-oxoethyl] phosphorodithioate	Rat	1500	110.41	214.223	5	1	0.095	4	0
411	COP(=S)(OC)OC1=CC=C(C=C1)S(=O)(=O)C1=CC=C(OP(=S)(OC)OC)C=C1	3	H302	1174-83-0	O,O,O',O'-Tetramethyl O,O'-[sulfonyldi(4,1-phenylene)] bis(phosphorothioate)	Rat	2000	181.69	498.468	10	0	3.894	10	0
416	CCOP(=S)(CCl)SC1=CC=C(C)C=C1	3	H302	24441-47-2	O-Ethyl S-(4-methylphenyl) (chloromethyl)phosphonodithioate	Rat	336	76.43	280.774	3	0	3.987	5	0
420	CCCOC(=O)CC(SP(=O)(OC)OC)C(=O)OCCC	3	H302	3700-97-8	Dipropyl 2-[(dimethoxyphosphoryl)sulfanyl]butanedioate	Rat	360	123.24	342.346	8	0	1.936	13	0
424	CN(C)P(=O)(OC=C(Cl)Cl)C1=CC=C(Cl)C=C1	3	H302	63886-55-5	2,2-Dichloroethenyl P-(4-chlorophenyl)-N,N-dimethylphosphonamidate	Rat	500	39.35	314.533	2	0	2.306	4	0
428	CCCC(C)OP(=S)(OC)OC	3	H302	79985-89-0	O,O-Dimethyl O-pentan-2-yl phosphorothioate	Rat	311	69.59	212.247	4	0	2.253	6	0
433	COP(=S)(OC)OC1(C)CCC(CC1)C(C)=C	3	H302	18470-08-1	Phosphorothioic acid, O,O-dimethyl O-p-menth-8-en-1-yl ester	Rat	500	69.59	278.348	4	0	3.374	5	0
434	COP(=S)(OC)OC1=CC(SC(C)C)=C(C=C1)[N+]([O-])=O	3	H302	19645-42-2	Phosphorothioic acid, O-(3-(isopropylthio)-4-nitrophenyl) O,O-dimethyl ester	Rat	1140	140.7	337.352	7	0	3.473	7	0
436	CCOP(=O)(OCC)OC(=C)C1=C(Cl)C=C(Cl)C=C1	3	H302	38331-02-1	Phosphoric acid, 1-(2,4-dichlorophenyl)ethenyl diethyl ester	Rat	1530	54.57	325.125	4	0	3.507	7	0
437	CCC1=CC=CC=C1OP(=O)(OC1=CC=CC=C1CC)OC1=CC=CC=C1CC	3	H303	3862-08-06	Phenol, o-ethyl-, phosphate (6CI,7CI)	Rat	>15800	54.57	410.443	4	0	7.765	9	0
439	COP(=O)(OC)N1CCOCC1	3	H303	597-25-1	Dimethyl morpholinophosphoramidate	Rat	5910	57.81	195.153	4	0	-0.919	3	0
444	BrCC(Br)COP(=O)(OCC(Br)CBr)OCC(Br)CBr	3	H302	126-72-7	Tris(2,3-dibromopropyl) phosphate	Rat	1010	54.57	697.611	4	0	4.592	12	0
445	COP(C)(=S)OC	3	H302	681-06-1	Phosphonothioic acid, methyl-, O,O-dimethyl ester	Rat	>300	60.36	140.141	3	0	0.394	2	0
446	CN(CCOP(O)(O)=O)C(N)=N	3	H303	6903-79-3	Creatinolfosfate	Rat	>5000	129.68	197.13	5	4	-1.187	5	0
447	CCOP(O)(=O)CC	3	H303	7305-61-5	Phosphonic acid, ethyl-, monoethyl ester	Rat	2112	56.34	138.102	3	1	0.153	3	0
449	COP(S)(=S)OC	3	H302	756-80-9	Phosphorodithioic acid, O,O-dimethyl ester	Rat	694	99.16	158.18	4	1	1.11	2	0
450	CC(C)(C)OP(O)(=O)OC(C)(C)C	3	H302	33494-81-4	Di-tert-butyl hydrogen phosphate	Rat	>2000	65.56	210.208	4	1	1.472	4	0
452	CCCC(=O)OC(C(Cl)(Cl)Cl)P(=O)(OC)OC	3	H302	126-22-7	Butonate	Rat	760	71.64	327.52652	5	0	2.255	8	0
456	CCOP(O)(=O)C(N)=O	3	H303	59682-52-9	Fosamine	Rat	10125	99.43	153.07368	4	2	-0.621	3	0
457	C[C@]12C[C@H](O)[C@H]3[C@@H](CCC4=CC(=O)CC[C@]34C)[C@@H]1CC[C@]2(O)C(=O)COP([O-])([O-])=O	3	H303	6000-74-4	Hydrocortisone sodium phosphate	Rat	6100	156.82	440.42392	8	2	-0.966	4	0
458	CC1=CC=C(OP(=O)(OC2=CC=C(C)C=C2)OC2=CC=C(C)C=C2)C=C1	3	H303	78-32-0	Tris(4-methylphenyl) phosphate	Rat	12800	54.57	368.3628	4	0	6.396	6	0
459	CCOC(=O)CSP(=O)(OC)OC	3	H302	2088-72-4	Methylacetophos	Rat	385	96.94	228.20318	6	0	0.449	7	0
460	COP(=S)(OC)SCC(=O)N(C(C)C)C1=CC=C(Cl)C=C1	3	H302	64249-01-0	Anilofos	Rat	472	105.96	367.85162	5	0	3.525	7	0
469	COP(=S)(OC)SC(C)COC(=O)C(CC(=O)OCC=C)SP(=S)(OC)OC	3	H302	32358-07-9	1-{2-[(Dimethoxyphosphorothioyl)sulfanyl]propyl} 4-prop-2-en-1-yl 2-[(dimethoxyphosphorothioyl)sulfanyl]butanedioate	Rat	762	223.92	512.55896	12	0	3.195	17	0
474	CCC(O)=NP(=O)(OC)SCC#C	3	H302	54473-56-2	N-{Methoxy[(prop-2-yn-1-yl)sulfanyl]phosphoryl}propanimidic acid	Rat	500	94	221.21384	5	1	1.611	5	0
476	COP(=O)(OC)C(OC(=O)CCl)C(Cl)(Cl)Cl	3	H302	74940-61-7	2,2,2-Trichloro-1-(dimethoxyphosphoryl)ethyl chloroacetate	Rat	344	71.64	333.91842	5	0	1.664	7	0
481	CC1=CC=CC(C)=C1OP(=O)(OC1=CC(OP(=O)(OC2=C(C)C=CC=C2C)OC2=C(C)C=CC=C2C)=CC=C1)OC1=C(C)C=CC=C1C	3	H302	139189-30-3	Phosphoric acid, P,P'-1,3-phenylene P,P,P',P'-tetrakis(2,6-dimethylphenyl) ester	Rat	>2000	109.14	686.66692	8	0	11.935	12	0
482	CCCN(CCC)C(=O)CN(CC)P(=S)(OCC)OCC	3	H303	105084-66-0	Phosglycin	Rat	2081	83.91	338.4463	4	0	2.349	12	0
485	CC(C)OP(=S)(OC(C)C)SCN1N=C(C=CC1=O)C1=CC=CC=C1	3	H303	51356-16-2	Phosphorodithioic acid, O,O-diisopropyl ester, S-ester with 2-(mercaptomethyl)-6-phenyl-3(2H)-pyridazinone	Rat	25000	118.32	398.47988	6	0	4.199	8	0
487	CCOC(=O)COP(=S)(OCC)OCC	3	H302	5823-25-6	AI 3-23445	Rat	1000	95.89	256.25634	6	0	1.301	9	0
490	CCOP(=S)(OCC)OC(C)C	3	H302	63873-23-4	Phosphorothioic acid, O,O-diethyl O-(1-methylethyl) ester	Rat	1000	69.59	212.24684	4	0	1.971	6	0
493	CCOP(S)(=S)OCC	3	H303	298-06-6	O,O-Diethyl dithiophosphate	Rat	4510	99.16	186.2327	4	1	1.808	4	0
494	CC1=C(OP(=O)(OC2=C(C)C=CC=C2)OC2=C(C)C=CC=C2)C=CC=C1	3	H302	78-30-8	Tri-o-cresyl phosphate	Rat	1160	54.57	368.3628	4	0	6.396	6	0
499	COP(=O)(OC)OC(C1=CC=C(Cl)C=C1)P(=O)(OC)OC	3	H303	76541-72-5	Mifobate	Rat	3200	99.91	358.649	7	0	1.41	8	0
500	CCOP(Cl)(Cl)=S	3	H302	1498-64-2	O-Ethyl dichlorothiophosphate	Rat	900	51.13	179.00526	2	0	1.971	2	0
501	CCCCOP(=O)(OCCO)OCCCC	3	H302	130525-77-8	Phosphoric acid, dibutyl 2-hydroxyethyl ester	Rat	915	74.8	254.26038	5	1	1.766	11	0
504	C[Si](C)(C)OP(=O)(O[Si](C)(C)C)O[Si](C)(C)C	3	H303	10497-05-9	Tris(trimethylsilyl) phosphate	Rat	3440	54.57	314.53854	4	0	5.281	6	0
508	CCN=C(O)C(SP(=S)(OC)OC)C(O)=NCC	3	H302	2830-87-7	2-[(Dimethoxyphosphorothioyl)sulfanyl]-N~1~,N~3~-diethylpropanediimidic acid	Rat	1000	150.84	314.36192	8	2	1.822	8	0
509	COP(=O)(SC)N=C(O)C(C)C	3	H302	30560-28-2	N-[Methoxy(methylsulfanyl)phosphoryl]-2-methylpropanimidic acid	Rat	>500	94	211.21902	5	1	0.882	4	0
511	COP(=O)(OC1=CC=C(C(C)=C1)N(=O)=O)SC	3	H302	3344-14-7	O,S-Dimethyl O-(3-methyl-4-nitrophenyl) phosphorothioate	Rat	315	116.46	277.23404	6	0	2.537	5	0
512	CCOP(=S)(NC(C)C)OC1=C(C=C(C)C=C1)N(=O)=O	3	H302	33857-23-7	O-Ethyl O-(4-methyl-2-nitrophenyl) N-propan-2-ylphosphoramidothioate	Rat	720	118.2	318.32902	5	1	3.305	7	0
514	CCOP(=S)(OCC)SC1CCOC1=O	3	H302	3659-04-09	O,O-Diethyl S-(2-oxooxolan-3-yl) phosphorodithioate	Rat	1000	111.96	270.30606	6	0	1.713	6	0
515	COP(=S)(OC)SC(CC(=O)OC(C)C)C(=O)OC(C)C	3	H303	3700-90-1	Dipropan-2-yl 2-[(dimethoxyphosphorothioyl)sulfanyl]butanedioate	Rat	4000	138.26	358.41118	8	0	2.542	11	0
517	COP(=S)(OC)C(C(O)=O)C1=CC=CC=C1	3	H303	37565-85-8	(Dimethoxyphosphorothioyl)(phenyl)acetic acid	Rat	4500	97.66	260.24658	5	1	1.594	5	0
520	CCOC(=O)C(=O)NP(=O)(OC)SC	3	H302	52868-53-8	Ethyl {[methoxy(methylsulfanyl)phosphoryl]amino}(oxo)acetate	Rat	501	116.81	241.20194	6	1	0.066	6	0
525	COP(=O)(OC)OC(=CCl)C1=CC(Cl)=CC=C1Cl	3	H303	2274-69-3	Phosphoric acid, 2-chloro-1-(2,5-dichlorophenyl)vinyl dimethyl ester	Rat	3790	54.57	331.51676	4	0	2.864	5	0
526	COP(N)(=S)OC1=CC(Cl)=C(Cl)C=C1Cl	3	H302	2591-66-4	ENT 23285	Rat	700	86.38	306.53374	3	1	3.637	3	0
544	CCOP(=O)(CC1=CC=C(C=C1)C1=NC2=CC=CC=C2S1)OCC	3	H302	75889-62-2	Fostedil	Rat	1555	86.47	361.39506	4	0	3.785	7	0
547	CC1=CC=C(OP(=O)(OC2=CC=CC=C2)OC2=CC=CC=C2)C=C1	3	H303	78-31-9	Diphenyl 4-tolyl phosphate	Rat	>6400	54.57	340.30964	4	0	5.424	6	0
548	CC(O)(P([O-])([O-])=O)P([O-])([O-])=O	3	H302	3794-83-0	Phosphonic acid, (1-hydroxyethylidene)bis-, tetrasodium salt	Rat	990	166.23	201.99648	7	1	-5.055	2	0
551	CCOP(=S)(OCC)ON1C(=O)C2=CC=CC3=C2C(=CC=C3)C1=O	3	H302	2668-92-0	O,O-Diethyl O-naphthaloximide phosphorothioate	Rat	500	106.97	365.3407	6	0	2.965	6	0
553	CC1=C(O)C(C=O)=C(COP(O)(O)=O)C=N1	3	H303	41468-25-1	Pyridoxal phosphate hydrate	Rat	5900	126.76	247.14186	7	3	-0.197	4	0
554	CCOP(=O)(CC(=O)NC1=C(O[C@H]2CCOC2)C=C2N=CN=C(NC3=CC(Cl)=C(F)C=C3)C2=C1)OCC	3	H302	618061-76-0	Diethyl (2-{[4-(3-chloro-4-fluoroanilino)-7-{[(3S)-oxolan-3-yl]oxy}quinazolin-6-yl]amino}-2-oxoethyl)phosphonate	Rat	>2000	130.71	552.91954	8	2	3.108	11	0
556	CCCCCCCCCCCCCCCCCCP(=O)(OC)OC	3	H303	25371-54-4	Phosphonic acid, octadecyl-, dimethyl ester	Rat	15400	45.34	362.52738	3	0	7.21	19	0
557	CC(C)COP([S-])(=O)OCC(C)C	3	H303	53378-52-2	Phosphorothioic acid, O,O-bis(2-methylpropyl) ester, sodium salt	Rat	>5000	65.23	225.26548	4	0	2.674	6	0
559	CCOP(O)(O)=O	3	H302	1623-14-9	Ethyl dihydrogen phosphate	Rat	1600	76.56	126.04834	4	2	-0.081	2	0
560	CC1=CC=CC(C)=C1OP(=O)(OC1=C(C)C=CC=C1C)OC1=C(C)C=CC=C1C	3	H303	121-06-2	Tris(2,6-dimethylphenyl) phosphate	Rat	>15800	54.57	410.44254	4	0	7.855	6	0
567	CCOC(=O)C(SP(=S)(OC)OC)C(SP(=S)(OC)OC)C(=O)OCC	3	H302	32358-09-1	Diethyl 2,3-bis[(dimethoxyphosphorothioyl)sulfanyl]butanedioate	Rat	>1500	223.92	486.52168	12	0	2.786	15	0
569	COC1=C(OP(=S)(OC)OC)C=CC(=C1)C#N	3	H303	3581-11-01	O-(4-Cyano-2-methoxyphenyl) O,O-dimethyl phosphorothioate	Rat	2710	102.61	273.24534	6	0	2.173	5	0
571	COP(=S)(OC)SC1=CC=C(Cl)C=C1	3	H302	5114-31-8	S-(4-Chlorophenyl) O,O-dimethyl phosphorodithioate	Rat	500	85.66	268.72056	4	0	3.533	4	0
579	CCOP(O)(=S)CC	3	H302	7776-66-1	Phosphonothioic acid, ethyl-, O-ethyl ester	Rat	600	71.36	154.1677	3	1	1.052	3	0
580	CC[C@@H]([C@@H](CC)C1=CC=C(OP(O)([O-])=O)C=C1)C1=CC=C(OP(O)(O)=O)C=C1	3	H302	101952-86-7	Hexestrol diphosphate sodium	Rat	2000	155.97	429.31794	8	3	3.21	9	0
584	COP(=S)(OC)SCC(=O)CNC(=O)OC1=CC=CC(=C1)C(C)C	3	H302	22343-07-3	Hercules 14469	Rat	432	141.05	391.44264	7	1	3.348	10	0
588	COP(=S)(OC)SCC(N)=O	3	H302	3692-87-3	De-N-methyldimethoate	Rat	925	128.75	215.23086	5	1	0.146	5	0
592	CCOP(=O)(OCC)SC1=C(Cl)C(Cl)=C(Cl)C(Cl)=C1Cl	3	H302	5954-10-09	Phosphorothioic acid, O,O-diethyl S-pentachlorophenyl ester	Rat	925	70.64	418.48836	4	0	5.989	6	0
594	NCCCNCCSP(O)(O)=O	3	H302	20537-88-6	Amifostine	Rat	826	130.69	214.22296	6	4	-0.849	7	0
595	OP([O-])(=O)CN(CP([O-])([O-])=O)CP([O-])([O-])=O	3	H303	2235-43-0	[Nitrilotris(methylene)]tris-phosphonic acid pentasodium salt	Rat	17800	219.4	294.01026	10	1	-7.855	6	0
596	CC(O)(P(O)([O-])=O)P([O-])([O-])=O	3	H302	2666-14-0	Phosphonic acid, (1-hydroxyethylidene)bis-, trisodium salt	Rat	1280	163.4	203.00442	7	2	-4.352	2	0
597	CCCCC(CC)COP(O)(O)=O	3	H303	1070-03-7	2-Ethylhexyl dihydrogen phosphate	Rat	3450	76.56	210.20782	4	2	2.587	7	0
598	CC(C)COP(=O)(OCC(C)C)OCC(C)C	3	H303	126-71-6	Triisobutyl phosphate	Rat	>5000	54.57	266.31414	4	0	3.224	9	0
603	CC1=CC(C)=C(C(=O)P(=O)(C(=O)C2=C(C)C=C(C)C=C2C)C2=CC=CC=C2)C(C)=C1	3	H302	162881-26-7	(Phenylphosphoryl)bis[(2,4,6-trimethylphenyl)methanone]	Rat	2000	61.02	418.46454	3	0	7.638	5	0
604	CCOP(Cl)(=S)OC(C)C	3	H302	51162-51-7	O-Ethyl O-propan-2-yl phosphorochloridothioate	Rat	425	60.36	202.63934	3	0	2.16	4	0
606	CCCOP(=S)(OCCC)SCC(=O)N1CCCCC1C	3	H302	24151-93-7	Piperophos	Rat	324	105.96	353.48078	5	0	3.597	9	0
608	COP(=S)(OC)SSP(=S)(OC)OC	3	H303	5930-71-2	Thioperoxydiphosphoric acid ([(HO)2P(S)]2S2), tetramethyl ester	Rat	10000	171.32	314.3432	8	0	2.38	7	0
609	O=P(OC1=CC=CC=C1)(OC1=CC=CC=C1)OC1=CC(OP(=O)(OC2=CC=CC=C2)OC2=CC=CC=C2)=CC=C1	3	H303	57583-54-7	Resorcinol bis(diphenyl phosphate)	Rat	>5000	109.14	574.45428	8	0	8.045	12	0
610	OCC(CO)(COP(=O)(OCCCl)OCCCl)COP(=O)(OCCCl)OCCCl	3	H303	63451-45-6	Phosphoric acid, 2,2-bis(hydroxymethyl)-1,3-propanediyl tetrakis(2-chloroethyl) ester	Rat	4915	149.6	546.09906	10	2	0.509	20	0
612	COP(=S)(OC)OC1=CC(C)=C(SC)C(C)=C1	3	H302	55-37-8	Phosphorothioic acid, O-[3,5-dimethyl-4-(methylthio)phenyl] O,O-dimethyl ester	Rat	1000	94.89	292.35464	5	0	3.825	5	0
614	NCCCC[C@H](OP(O)(=O)CCCCC1=CC=CC=C1)C(=O)N1CCC[C@H]1C(O)=O	3	H303	111223-26-8	Ceronapril	Rat	>5000	139.97	440.47028	7	3	-0.457	13	0
617	CCOP(=S)(OCC)SCC=C(F)C(F)F	3	H302	16500-53-1	O,O-Diethyl S-(3,4,4-trifluorobut-2-en-1-yl) phosphorodithioate	Rat	681	85.66	294.29453	4	0	2.88	8	0
618	CCCOP(=O)(OCC#C)C1=CC=CC=C1	3	H302	18705-22-1	Propyl prop-2-yn-1-yl phenylphosphonate	Rat	362	45.34	238.21946	3	0	3.136	6	0
624	O[C@@H]1[C@@H](COP(O)(O)=O)O[C@H]([C@@H]1O)N1C=NC2=C1NC=NC2=O	3	H303	131-99-7	Inosinic acid	Rat	16000	185.54	348.20598	10	5	-2.32	4	0
627	CC(C)OP(O)(=S)OC(C)C	3	H303	29918-57-8	O,O-Dipropan-2-yl hydrogen phosphorothioate--ammonia (1/1)	Rat	20250	80.59	198.22026	4	1	1.961	4	0
629	COP(=O)(SC)N(C)C(C)=O	3	H302	54473-31-3	O,S-Dimethyl N-acetyl-N-methylphosphoramidothioate	Rat	2000	81.72	197.19244	4	0	-0.078	3	0
630	COP(N)(=S)OC1=C(Cl)C=C(C=C1)C(C)(C)C	3	H302	5902-52-3	O-(4-tert-Butyl-2-chlorophenyl) O-methyl phosphoramidothioate	Rat	820	86.38	293.74994	3	1	3.709	4	0
634	COP(=S)(OC)SC1CCC2SC1CC=C2	3	H302	6436-04-0	O,O-Dimethyl S-9-thiabicyclo[3.3.1]non-6-en-2-yl phosphorodithioate	Rat	1000	110.96	296.40954	5	0	3.06	4	0
635	[H][C@@]1(CC[C@@]2([H])[C@]3([H])CC[C@@]4([H])C[C@@H](CC[C@]4(C)[C@@]3([H])CC[C@]12C)OP([O-])([O-])=O)[C@H](C)CCCC(C)C	3	H303	65242-49-1	Sodium cholestan-3-yl hydrogen phosphate	Rat	>10000	82.22	466.63344	4	0	5.377	7	0
640	CCCCCCCCCCCCCCCCCCOP([O-])(=O)OCC[N+]1(C)CCCCC1	3	H302	146764-26-3	Octadecyl-(2-(N-methylpiperidino)ethyl)phosphate	Rat	631	68.39	475.68502	4	0	5.552	22	0
647	IC1=CC(C(=O)NP(=O)(N2CC2)N2CC2)=C(I)C=C1	3	H302	4460-32-6	Diiodobenzotepa	Rat	500	62	503.01458	2	1	0.92	4	0
648	COP(=S)(OC)OC1CCCCC1	3	H303	50915-31-6	Cyclophos	Rat	2900	69.59	224.25754	4	0	2.406	4	0
650	CCOP(=S)(OCC)SCN1N=C(Cl)C(Cl)=CC1=O	3	H302	51442-10-5	Phosphorodithioic acid, O,O-diethyl ester, S-ester with 4,6(or 5,6)-dichloro-2-(mercaptomethyl)-3(2H)-pyridazinone	Rat	1875	118.32	363.22088	6	0	2.615	7	0
653	ClCCOP(=O)(CCN1C(CC2=CC=CC=C2)=NC2=CC=CC=C12)OCCCl	3	H303	74789-64-3	EBP-5	Rat	6200	63.16	441.28798	4	0	4.155	11	0
654	CC(O)(P([O-])([O-])=O)P([O-])([O-])=O	3	H302	77001-44-6	Phosphonic acid, (1-hydroxyethylidene)di-, copper diammonium complex	Rat	2000	166.23	201.99648	7	1	-5.055	2	0
655	O[C@@H]1[C@@H](COP(O)(=O)OP(O)(O)=O)O[C@H]([C@@H]1O)N1C=NC2=C1NC=NC2=O	3	H303	1986-04-04	Inosine diphosphate	Rat	3790	241.87	428.18588	13	6	-2.607	6	0
656	OP(O)(=O)OCC(Cl)(Cl)Cl	3	H302	306-52-5	Triclofos	Rat	850	76.57	229.38352	4	2	1.168	3	0
657	CCOP(=S)(OCC)SC1=CC=C(C)C=C1	3	H302	953-32-2	Phosphorodithioic acid, O,O-diethyl S-(p-tolyl) ester	Rat	316	85.66	276.35524	4	0	4.052	6	0
658	ClCC(CCl)OP(=O)(OC(CCl)CCl)OC(CCl)CCl	3	H302	13674-87-8	TDCPP	Rat	1850	54.57	430.90476	4	0	3.725	12	0
659	CCOP([O-])(=O)C(N)=O	3	H303	25954-13-6	Fosamine ammonium	Rat	2075	102.26	152.06574	4	1	-2.095	3	0
661	COP(=O)(CCC(=O)NCO)OC	3	H303	20120-33-6	Dimethyl N-methylolphosphonopropionamide	Rat	13000	94.67	211.15282	5	2	-1.754	6	0
662	CCOC(=O)CSP(=S)(OCC)OCC	3	H302	919-54-0	Acethion	Rat	1100	111.96	272.32194	6	0	2.046	9	0
665	NC1=NC2=C(N=CN2[C@@H]2O[C@H](COP([O-])([O-])=O)[C@@H](O)[C@H]2O)C(=O)N1	3	H303	5550-12-09	Disodium guanylate	Rat	>17300	217.21	361.20474	10	4	-4.628	4	0
666	OC(=O)C1=C(OP(O)(O)=O)C=CC=C1	3	H302	6064-83-1	Salicylic acid dihydrogen phosphate	Rat	1104	113.87	218.10064	6	3	0.963	3	0
667	C[N+](C)(C)CCOP([O-])(=O)OP(O)(=O)OC[C@H]1O[C@H]([C@H](O)[C@@H]1O)N1C=CC(N)=NC1=O	3	H303	987-78-0	Citicoline	Rat	18501	233.12	488.32396	12	4	-5.406	10	0
668	CCOP(=S)(OCC)ON=C(C#N)C1=CC=CC=C1Cl	3	H303	14816-20-7	Chlorphoxim	Rat	>5000	105.74	332.74292	6	0	3.714	7	0
671	[O-]P([O-])(=O)C1=CC=CC=C1	3	H302	34335-10-9	Phosphonic acid, P-phenyl-, zinc salt (1:1)	Rat	>2000	73	156.07586	3	0	-1.184	1	0
676	CCOP(O)(=O)CCCl	3	H302	23510-39-6	Ethyl hydrogen (2-chloroethyl)phosphonate	Rat	1250	56.34	172.54716	3	1	0.47	4	0
685	CC(C)OP(O)(=O)OC1=CC=CC=C1	3	H303	46355-07-1	Phenyl propan-2-yl hydrogen phosphate	Rat	>20000	65.56	216.17088	4	1	2.099	4	0
687	CC(=O)OC(C(Cl)(Cl)Cl)P(=O)(OC1=CC=CC=C1)OC1=CC=CC=C1	3	H303	74548-80-4	2,2,2-Trichloro-1-(diphenoxyphosphoryl)ethyl acetate	Rat	3280	71.64	423.612	5	0	4.658	8	0
